(1 - 1 of 1),https://digital.grinnell.edu/islandora/search/catch_all_fields_mt%3A%28Lynne%5C%20Simcox%29,
(1 - 4 of 4),https://digital.grinnell.edu/islandora/search/catch_all_fields_mt%3A%28Caryn%5C%20Chaden%29,
(1 - 1 of 1),https://digital.grinnell.edu/islandora/search/catch_all_fields_mt%3A%28Camarin%5C%20Madigan%29,
(1 - 1 of 1),https://digital.grinnell.edu/islandora/search/catch_all_fields_mt%3A%28Joe%5C%20Walka%29,
(1 - 1 of 1),https://digital.grinnell.edu/islandora/search/catch_all_fields_mt%3A%28Christopher%5C%20Doemel%29,
(1 - 2 of 2),https://digital.grinnell.edu/islandora/search/catch_all_fields_mt%3A%28Scott%5C%20Barkley%29,
(1 - 4 of 4),https://digital.grinnell.edu/islandora/search/catch_all_fields_mt%3A%28Paul%5C%20Scott%5C%20Stanfield%29,
(1 - 1 of 1),https://digital.grinnell.edu/islandora/search/catch_all_fields_mt%3A%28Renee%5C%20Bourgeois%5C%20Parsons%29,
(1 - 4 of 4),https://digital.grinnell.edu/islandora/search/catch_all_fields_mt%3A%28Mark%5C%20Butterman%29,
(1 - 10 of 10),https://digital.grinnell.edu/islandora/search/catch_all_fields_mt%3A%28Sarah%5C%20Davis%5C%20Worth%29,
(1 - 2 of 2),https://digital.grinnell.edu/islandora/search/catch_all_fields_mt%3A%28Nancy%5C%20Ganschaw%5C%20Frankes%29,
(1 - 1 of 1),https://digital.grinnell.edu/islandora/search/catch_all_fields_mt%3A%28Forest%5C%20C%5C%20Rinefort%5C%20Jr%29,
(1 - 3 of 3),https://digital.grinnell.edu/islandora/search/catch_all_fields_mt%3A%28Courtney%5C%20Sherwood%29,
(1 - 2 of 2),https://digital.grinnell.edu/islandora/search/catch_all_fields_mt%3A%28Timothy%5C%20Stiles%29,
(1 - 8 of 8),https://digital.grinnell.edu/islandora/search/catch_all_fields_mt%3A%28Susan%5C%20Sink%29,
(1 - 1 of 1),https://digital.grinnell.edu/islandora/search/catch_all_fields_mt%3A%28Wally%5C%20Douma%29,
(1 - 3 of 3),https://digital.grinnell.edu/islandora/search/catch_all_fields_mt%3A%28Margaret%5C%20Ann%5C%20Bogie%29,
(1 - 1 of 1),https://digital.grinnell.edu/islandora/search/catch_all_fields_mt%3A%28Alesia%5C%20Niblack%5C%20Gonzalez%29,
(1 - 6 of 6),https://digital.grinnell.edu/islandora/search/catch_all_fields_mt%3A%28Rod%5C%20Sinks%29,
(1 - 10 of 25),https://digital.grinnell.edu/islandora/search/catch_all_fields_mt%3A%28Mary%5C%20Parker%29,
(1 - 10 of 12),https://digital.grinnell.edu/islandora/search/catch_all_fields_mt%3A%28Michael%5C%20Warren%5C%20Lewis%29,
(1 - 1 of 1),https://digital.grinnell.edu/islandora/search/catch_all_fields_mt%3A%28Margo%5C%20Gray%29,
(1 - 2 of 2),https://digital.grinnell.edu/islandora/search/catch_all_fields_mt%3A%28Norma%5C%20Tong%5C%20Dang%29,
(1 - 1 of 1),https://digital.grinnell.edu/islandora/search/catch_all_fields_mt%3A%28Leighton%5C%20Bowers%29,
(1 - 1 of 1),https://digital.grinnell.edu/islandora/search/catch_all_fields_mt%3A%28Kristin%5C%20Durianski%29,
(1 - 2 of 2),https://digital.grinnell.edu/islandora/search/catch_all_fields_mt%3A%28Jean%5C%20McKenzie%29,
(1 - 1 of 1),https://digital.grinnell.edu/islandora/search/catch_all_fields_mt%3A%28Maria%5C%20Elizabeth%5C%20Walinski-Peterson%29,
(1 - 2 of 2),https://digital.grinnell.edu/islandora/search/catch_all_fields_mt%3A%28Mike%5C%20Cleary%29,
(1 - 1 of 1),https://digital.grinnell.edu/islandora/search/catch_all_fields_mt%3A%28Pat%5C%20Kasperitis%29,
(1 - 1 of 1),https://digital.grinnell.edu/islandora/search/catch_all_fields_mt%3A%28Susan%5C%20Hagler%29,
(0 - 0 of 0),https://digital.grinnell.edu/islandora/search/catch_all_fields_mt%3A%28Rob%5C%20Richburg%29,
(1 - 5 of 5),https://digital.grinnell.edu/islandora/search/catch_all_fields_mt%3A%28Rebecca%5C%20Mauldin%29,
(1 - 10 of 14),https://digital.grinnell.edu/islandora/search/catch_all_fields_mt%3A%28James%5C%20Ahrens%29,
(1 - 1 of 1),https://digital.grinnell.edu/islandora/search/catch_all_fields_mt%3A%28Mariana%5C%20Alwell%29,
(1 - 3 of 3),https://digital.grinnell.edu/islandora/search/catch_all_fields_mt%3A%28Babak%5C%20Armajani%29,
(1 - 6 of 6),https://digital.grinnell.edu/islandora/search/catch_all_fields_mt%3A%28Carolyn%5C%20Ashbaugh%29,
(1 - 1 of 1),https://digital.grinnell.edu/islandora/search/catch_all_fields_mt%3A%28Liz%5C%20Banfield%29,
(1 - 2 of 2),https://digital.grinnell.edu/islandora/search/catch_all_fields_mt%3A%28Paul%5C%20Bendich%29,
(1 - 2 of 2),https://digital.grinnell.edu/islandora/search/catch_all_fields_mt%3A%28Phil%5C%20Bertenthal%29,
(1 - 1 of 1),https://digital.grinnell.edu/islandora/search/catch_all_fields_mt%3A%28Janice%5C%20Binder%29,
(1 - 1 of 1),https://digital.grinnell.edu/islandora/search/catch_all_fields_mt%3A%28Amy%5C%20Bliss%5C%20Tenney%29,
(1 - 1 of 1),https://digital.grinnell.edu/islandora/search/catch_all_fields_mt%3A%28Carin%5C%20Bringelson%29,
(1 - 7 of 7),https://digital.grinnell.edu/islandora/search/catch_all_fields_mt%3A%28Joshua%5C%20Burke%29,
(1 - 2 of 2),https://digital.grinnell.edu/islandora/search/catch_all_fields_mt%3A%28Benjamin%5C%20Cantor-Stone%29,
(1 - 2 of 2),https://digital.grinnell.edu/islandora/search/catch_all_fields_mt%3A%28James%5C%20Lowell%5C%20Carns%29,
(1 - 10 of 10),https://digital.grinnell.edu/islandora/search/catch_all_fields_mt%3A%28Janet%5C%20Murphy%29,
(1 - 4 of 4),https://digital.grinnell.edu/islandora/search/catch_all_fields_mt%3A%28Kathy%5C%20Byrd%29,
(1 - 1 of 1),https://digital.grinnell.edu/islandora/search/catch_all_fields_mt%3A%28Mary%5C%20Margaret%5C%20Brown%5C%20Coffield%29,
(1 - 1 of 1),https://digital.grinnell.edu/islandora/search/catch_all_fields_mt%3A%28Daniel%5C%20Cymbala%29,
(1 - 1 of 1),https://digital.grinnell.edu/islandora/search/catch_all_fields_mt%3A%28Ron%5C%20Durr%29,
(1 - 4 of 4),https://digital.grinnell.edu/islandora/search/catch_all_fields_mt%3A%28Frank%5C%20Douma%29,
(1 - 1 of 1),https://digital.grinnell.edu/islandora/search/catch_all_fields_mt%3A%28Julie%5C%20Jones%5C%20Dresel%29,
(1 - 10 of 10),https://digital.grinnell.edu/islandora/search/catch_all_fields_mt%3A%28James%5C%20William%5C%20Dunn%29,
(1 - 1 of 1),https://digital.grinnell.edu/islandora/search/catch_all_fields_mt%3A%28Dave%5C%20Durand%29,
(1 - 2 of 2),https://digital.grinnell.edu/islandora/search/catch_all_fields_mt%3A%28Susan%5C%20Earley%29,
(1 - 1 of 1),https://digital.grinnell.edu/islandora/search/catch_all_fields_mt%3A%28Joan%5C%20Eccard%29,
(1 - 3 of 3),https://digital.grinnell.edu/islandora/search/catch_all_fields_mt%3A%28Carol%5C%20Edkins%29,
(1 - 2 of 2),https://digital.grinnell.edu/islandora/search/catch_all_fields_mt%3A%28Irene%5C%20Blaser%5C%20Elliott%29,
(1 - 1 of 1),https://digital.grinnell.edu/islandora/search/catch_all_fields_mt%3A%28Pamela%5C%20Feinstein%29,
(1 - 10 of 10),https://digital.grinnell.edu/islandora/search/catch_all_fields_mt%3A%28Amy%5C%20Fort%29,
(1 - 1 of 1),https://digital.grinnell.edu/islandora/search/catch_all_fields_mt%3A%28Erica%5C%20Fredrikson%29,
(1 - 1 of 1),https://digital.grinnell.edu/islandora/search/catch_all_fields_mt%3A%28Rochelle%5C%20Marie%5C%20Gandour-Rood%29,
(1 - 1 of 1),https://digital.grinnell.edu/islandora/search/catch_all_fields_mt%3A%28Ten%5C%20Amann%29,
(1 - 3 of 3),https://digital.grinnell.edu/islandora/search/catch_all_fields_mt%3A%28Ronald%5C%20Gault%29,
(1 - 1 of 1),https://digital.grinnell.edu/islandora/search/catch_all_fields_mt%3A%28Diane%5C%20Gutenkauf%29,
(1 - 3 of 3),https://digital.grinnell.edu/islandora/search/catch_all_fields_mt%3A%28Ray%5C%20Horton%29,
(1 - 1 of 1),https://digital.grinnell.edu/islandora/search/catch_all_fields_mt%3A%28Audrey%5C%20Howard%5C%20Swanson%29,
(1 - 1 of 1),https://digital.grinnell.edu/islandora/search/catch_all_fields_mt%3A%28Jim%5C%20Asplund%29,
(1 - 10 of 32),https://digital.grinnell.edu/islandora/search/catch_all_fields_mt%3A%28John%5C%20Peterson%29,
(1 - 3 of 3),https://digital.grinnell.edu/islandora/search/catch_all_fields_mt%3A%28Carol%5C%20Johnson%5C%20Addington%29,
(1 - 1 of 1),https://digital.grinnell.edu/islandora/search/catch_all_fields_mt%3A%28Mary%5C%20Kay%5C%20Kasang%5C%20Allen%29,
(1 - 7 of 7),https://digital.grinnell.edu/islandora/search/catch_all_fields_mt%3A%28Laura%5C%20Howell%29,
(1 - 2 of 2),https://digital.grinnell.edu/islandora/search/catch_all_fields_mt%3A%28Keith%5C%20Kozloff%29,
(1 - 10 of 11),https://digital.grinnell.edu/islandora/search/catch_all_fields_mt%3A%28David%5C%20Kramer%29,
(1 - 2 of 2),https://digital.grinnell.edu/islandora/search/catch_all_fields_mt%3A%28Duane%5C%20Krohnke%29,
(1 - 1 of 1),https://digital.grinnell.edu/islandora/search/catch_all_fields_mt%3A%28Barry%5C%20Krost%29,
(1 - 2 of 2),https://digital.grinnell.edu/islandora/search/catch_all_fields_mt%3A%28JC%5C%20Labowitz%29,
(1 - 2 of 2),https://digital.grinnell.edu/islandora/search/catch_all_fields_mt%3A%28Michael%5C%20Lehmann%29,
(1 - 10 of 18),https://digital.grinnell.edu/islandora/search/catch_all_fields_mt%3A%28Elizabeth%5C%20Leonard%29,
(1 - 2 of 2),https://digital.grinnell.edu/islandora/search/catch_all_fields_mt%3A%28John%5C%20Malkinson%29,
(1 - 7 of 7),https://digital.grinnell.edu/islandora/search/catch_all_fields_mt%3A%28David%5C%20A.%5C%20McBlain%29,
(1 - 5 of 5),https://digital.grinnell.edu/islandora/search/catch_all_fields_mt%3A%28Cynthia%5C%20Peterson%5C%20McKeen%29,
(1 - 1 of 1),https://digital.grinnell.edu/islandora/search/catch_all_fields_mt%3A%28Kalilah%5C%20Moxley%29,
(1 - 2 of 2),https://digital.grinnell.edu/islandora/search/catch_all_fields_mt%3A%28Mara%5C%20Brewster%5C%20Munroe%29,
(1 - 1 of 1),https://digital.grinnell.edu/islandora/search/catch_all_fields_mt%3A%28Tanya%5C%20Newkirk%29,
(1 - 5 of 5),https://digital.grinnell.edu/islandora/search/catch_all_fields_mt%3A%28Bruce%5C%20Nissen%29,
(1 - 2 of 2),https://digital.grinnell.edu/islandora/search/catch_all_fields_mt%3A%28David%5C%20Lindblom%29,
(1 - 1 of 1),https://digital.grinnell.edu/islandora/search/catch_all_fields_mt%3A%28Nicholas%5C%20G.%5C%20Nonas%29,
(1 - 1 of 1),https://digital.grinnell.edu/islandora/search/catch_all_fields_mt%3A%28Sarah%5C%20Nuss-Warren%29,
(1 - 8 of 8),https://digital.grinnell.edu/islandora/search/catch_all_fields_mt%3A%28Jan%5C%20Palmer%29,
(1 - 10 of 13),https://digital.grinnell.edu/islandora/search/catch_all_fields_mt%3A%28Bill%5C%20Parsons%29,
(1 - 1 of 1),https://digital.grinnell.edu/islandora/search/catch_all_fields_mt%3A%28Paul%5C%20Pasquesi%29,
(1 - 1 of 1),https://digital.grinnell.edu/islandora/search/catch_all_fields_mt%3A%28Leanne%5C%20Hoepner%5C%20Puglielli%29,
(1 - 1 of 1),https://digital.grinnell.edu/islandora/search/catch_all_fields_mt%3A%28Frank%5C%20Rawland%29,
(1 - 1 of 1),https://digital.grinnell.edu/islandora/search/catch_all_fields_mt%3A%28Karen%5C%20Adkinson%5C%20Reixach%29,
(1 - 10 of 23),https://digital.grinnell.edu/islandora/search/catch_all_fields_mt%3A%28Ian%5C%20Roberts%29,
(1 - 1 of 1),https://digital.grinnell.edu/islandora/search/catch_all_fields_mt%3A%28William%5C%20Schooler%29,
(1 - 2 of 2),https://digital.grinnell.edu/islandora/search/catch_all_fields_mt%3A%28Mark%5C%20Schorr%29,
(1 - 2 of 2),https://digital.grinnell.edu/islandora/search/catch_all_fields_mt%3A%28Mark%5C%20W.%5C%20Schumann%29,
(1 - 2 of 2),https://digital.grinnell.edu/islandora/search/catch_all_fields_mt%3A%28Carly%5C%20Schuna%29,
(1 - 4 of 4),https://digital.grinnell.edu/islandora/search/catch_all_fields_mt%3A%28Ed%5C%20Senn%29,
(1 - 1 of 1),https://digital.grinnell.edu/islandora/search/catch_all_fields_mt%3A%28Edward%5C%20E.%5C%20Shackelford%29,
(1 - 2 of 2),https://digital.grinnell.edu/islandora/search/catch_all_fields_mt%3A%28Sheena%5C%20Brown%5C%20Thomas%29,
(1 - 6 of 6),https://digital.grinnell.edu/islandora/search/catch_all_fields_mt%3A%28David%5C%20Silverman%29,
(1 - 4 of 4),https://digital.grinnell.edu/islandora/search/catch_all_fields_mt%3A%28Ann%5C%20Stillman%29,
(1 - 1 of 1),https://digital.grinnell.edu/islandora/search/catch_all_fields_mt%3A%28Judith%5C%20Roberts%5C%20Stoddard%29,
(1 - 2 of 2),https://digital.grinnell.edu/islandora/search/catch_all_fields_mt%3A%28Amy%5C%20Stubenhaus%29,
(1 - 6 of 6),https://digital.grinnell.edu/islandora/search/catch_all_fields_mt%3A%28Greg%5C%20Thielmann%29,
(1 - 8 of 8),https://digital.grinnell.edu/islandora/search/catch_all_fields_mt%3A%28Brenda%5C%20Thomas%29,
(1 - 5 of 5),https://digital.grinnell.edu/islandora/search/catch_all_fields_mt%3A%28Mel%5C%20Thompson%29,
(1 - 1 of 1),https://digital.grinnell.edu/islandora/search/catch_all_fields_mt%3A%28Gregory%5C%20L.%5C%20Vranicar%29,
(1 - 2 of 2),https://digital.grinnell.edu/islandora/search/catch_all_fields_mt%3A%28Andrew%5C%20Altschul%29,
(1 - 1 of 1),https://digital.grinnell.edu/islandora/search/catch_all_fields_mt%3A%28Jacqueline%5C%20Lee%5C%20Weissman%29,
(1 - 10 of 16),https://digital.grinnell.edu/islandora/search/catch_all_fields_mt%3A%28Clay%5C%20Williams%29,
(1 - 10 of 40),https://digital.grinnell.edu/islandora/search/catch_all_fields_mt%3A%28Robert%5C%20S.%5C%20Wilson%29,
(1 - 1 of 1),https://digital.grinnell.edu/islandora/search/catch_all_fields_mt%3A%28April%5C%20Zoll%5C%20Close%5C%20Cottrell%29,
(1 - 1 of 1),https://digital.grinnell.edu/islandora/search/catch_all_fields_mt%3A%28Margery%5C%20Hendrick%5C%20Piersen%29,
(1 - 1 of 1),https://digital.grinnell.edu/islandora/search/catch_all_fields_mt%3A%28Nicolas%5C%20Schapira%29,
(1 - 2 of 2),https://digital.grinnell.edu/islandora/search/catch_all_fields_mt%3A%28Tyler%5C%20Bradbury%29,
(1 - 1 of 1),https://digital.grinnell.edu/islandora/search/catch_all_fields_mt%3A%28Allison%5C%20Foley%29,
(1 - 3 of 3),https://digital.grinnell.edu/islandora/search/catch_all_fields_mt%3A%28Keith%5C%20Kester%29,
(1 - 3 of 3),https://digital.grinnell.edu/islandora/search/catch_all_fields_mt%3A%28Avram%5C%20Machtiger%29,
(0 - 0 of 0),https://digital.grinnell.edu/islandora/search/catch_all_fields_mt%3A%28Cathrine%5C%20Hampton%5C%20Ditmore%29,
(1 - 1 of 1),https://digital.grinnell.edu/islandora/search/catch_all_fields_mt%3A%28Laura%5C%20Allender%5C%20Ferguson%29,
(1 - 1 of 1),https://digital.grinnell.edu/islandora/search/catch_all_fields_mt%3A%28Margaret%5C%20Patricia%5C%20Stahl%5C%20Hubbell%29,
(1 - 1 of 1),https://digital.grinnell.edu/islandora/search/catch_all_fields_mt%3A%28Nicholas%5C%20Buess%29,
(1 - 2 of 2),https://digital.grinnell.edu/islandora/search/catch_all_fields_mt%3A%28William%5C%20Wilcoxen%29,
(1 - 9 of 9),https://digital.grinnell.edu/islandora/search/catch_all_fields_mt%3A%28Carol%5C%20Baker%29,
(1 - 4 of 4),https://digital.grinnell.edu/islandora/search/catch_all_fields_mt%3A%28John%5C%20Aubry%29,
(1 - 1 of 1),https://digital.grinnell.edu/islandora/search/catch_all_fields_mt%3A%28Daniel%5C%20Bartell%29,
(1 - 1 of 1),https://digital.grinnell.edu/islandora/search/catch_all_fields_mt%3A%28Charles%5C%20Hawtrey%29,
(1 - 1 of 1),https://digital.grinnell.edu/islandora/search/catch_all_fields_mt%3A%28Anne%5C%20Hruska%5C%20Parsons%29,
(1 - 2 of 2),https://digital.grinnell.edu/islandora/search/catch_all_fields_mt%3A%28Carlos%5C%20Macias%29,
(1 - 3 of 3),https://digital.grinnell.edu/islandora/search/catch_all_fields_mt%3A%28David%5C%20Elliot%5C%20Steiner%29,
(1 - 10 of 11),https://digital.grinnell.edu/islandora/search/catch_all_fields_mt%3A%28Doug%5C%20Peterson%29,
(1 - 2 of 2),https://digital.grinnell.edu/islandora/search/catch_all_fields_mt%3A%28Ed%5C%20Zelley%29,
(0 - 0 of 0),https://digital.grinnell.edu/islandora/search/catch_all_fields_mt%3A%28Pyllis%5C%20Miller%5C%20Lawrence%29,
(1 - 1 of 1),https://digital.grinnell.edu/islandora/search/catch_all_fields_mt%3A%28Virginia%5C%20Lobell%5C%20Rosen%29,
(1 - 2 of 2),https://digital.grinnell.edu/islandora/search/catch_all_fields_mt%3A%28Rania%5C%20Robb%29,
